{
    "jobs": [
        {
            "id": 0,
            "job": "ȘEF ȘANTIER TERASAMENTE",
            "location": "Oradea",
            "description": "Dacă ești din Oradea sau dorești relocare in zona aceasta, aplica aici!",
            "requirements": "<ul><li>Diplomă de facultate-specializarea Construcții-CFDP/CCIA;</li><li>Experiență în poiecte de execuție a construcțiilor de drumuri/poduri pe un post similar;</li><li>Limba engleza-nivel mediu;</li><li>Competențe: MS-office-EXCEL, Autocad;</li><li>Capacitate foarte bună de planificare, organizare, comunicare și sinteză;</li><li>Capacitatea de a urmari și de a controla eficient mai multe activități simultan.</li></ul>",
            "responsabilities": "<ul><li>Conducerea directă a activitățiilor de execuție a lucrărilor în toate punctele de lucru ale șantierului;</li><li>Gestionarea, coordonarea și repartizarea utilajelor, logisticii, a resurselor, în funcție de nevoile șantierului și a stadiului proiectului;</li><li>Urmărirea graficelor de execuție și respectarea lor;</li><li>Verificarea modului de execuție a lucrărilor în conformitate cu prevederile proiectului, normativelor și a cerințelor de calitate;</li><li>Coordonarea activității personalului din subordine: ingineri, maiștri, subantreprenori, prestatori;</li><li>Coordonarea activitățiile de aprovizionare și mecanizare;</li><li>Menținerea relației cu autoritățiile în domeniul construcțiilor, cu Beneficiarul, Supervizorul și reprezentanșii acestora în șantier;</li><li>Urmărirea respectării cerințelor legislației în vigoare în domeniul construcțiilor, muncii, SSM și Mediu.</li></ul>",
            "benefits": "<ul><li>Posibilitate de învatare și dezvoltare continuă;</li><li>Pachet salarial motivan;</li><li>Mașina de serviciu;</li><li>Pachet de relocare(dacă este cazul);</li><li>Abonament de servicii medicale la clinica privată.</li></ul>",
            "icon": "fas fa-hard-hat"
        },
        {
            "id": 1,
            "job": "INGINER TEHNIC",
            "location": "Oradea",
            "description": "Dacă ești din Oradea sau dorești relocare in zona aceasta, aplica aici!",
            "requirements": "<ul><li>Diploma de inginer al unei universitati in domeniul constructiilor de drumuri/poduri/tunele</li><li>Experienta-minim 3 ani intro pozitie similara in cadrul proiectelor de constructii drumuri/poduri</li><li>Limba engleza-nivel mediu</li><li>Competente: MS-office, Autocad, Primavera P6, Microsoft project</li><li>Capacitate foarte buna de planificare, organizare, comunicare si sinteza</li><li>Capacitatea de a urmari si de a controla eficient mai multe activitati simultan</li></ul>",
            "responsabilities": "<ul><li>Elaborarea sitatiilor de lucrari si certificate provizorii de plata</li><li>Intocmirea graficelor de executie lucrari</li><li>Verificarea proiectelor de executie din punct de vedere al cantitatilor</li><li>Realizarea rapoartelor zilnice de lucru, rapoartelor lunare de activitate</li><li>Verificarea planurilor de executie si propunerea solutiilor constructive pentru rezolvarea neconformitatilor identificate si a tehnologiilor</li><li>Intocmirea sau verificarea situatiilor de lucrari, rapoarte de lucru, procese verbale si orice alta documentatie cu caracter tehnic</li></ul>",
            "benefits": "<ul><li>Posibilitate de invatare si dezvoltare continua</li><li>Pachet salarial motivant</li><li>Masina de serviciu</li><li>Pachet de relocare(daca este cazul)</li><li>Abonament de servicii medicale la clinica privata</li></ul>",
            "icon": "fas fa-hard-hat"
        },
        {
            "id": 2,
            "job": "RESPONSABIL CALITATE ÎN CONSTRUCȚII",
            "location": "Oradea",
            "description": "Dacă ești din Oradea sau dorești relocare in zona aceasta, aplica aici!",
            "requirements": "<ul><li>Diplomă de inginer al unei universități in domeniul constructiilor de drumuri/poduri/tunele;</li><li>Experiență-minim 3 ani într-o poziție similară în cadrul proiectelor de constructii drumuri/poduri;</li><li>Limba engleza-nivel mediu;</li><li>Competențe: MS-office, Autocad;</li><li>Capacitate foarte bună de planificare, organizare, comunicare și sinteză;</li><li>Capacitatea de a urmari și de a controla eficient mai multe activități simultan.</li></ul>",
            "responsabilities": "<ul><li>Verificarea modului de realizare a lucrăriilor conform documentației tehnice de execuție,  aprocedurilor, instrucțiunilor de lucru și a planului calității aplicabile, aprobate;</li><li>Întocmirea Planului de Management al Calității pe proiectele de execuție aflate în desfășurare;</li><li>Exercitarea controlului sistematic si exigent asupra calității lucrarilor;</li><li>Informarea operativă a managementului de proiect/șantier privind deficiențele de ordin calitativ constatate, în vederea dispunerii de măsuri;</li><li>Exercitarea controlului calității lucrărilor pe faze de executie stabilite prin reglementările tehnice și Planul Calității</li><li>Solicitarea prezenței laboratorului pe șantier atunci când este necesar, pentru a realiza teste conform PCCVI și normele aplicabile.</li></ul>",
            "benefits": "<ul><li>Posibilitate de învatare și dezvoltare continuă;</li><li>Pachet salarial motivan;</li><li>Mașina de serviciu;</li><li>Pachet de relocare(dacă este cazul);</li><li>Abonament de servicii medicale la clinica privată.</li></ul>",
            "icon": "fas fa-hard-hat"
        },
        {
            "id": 3,
            "job": "LABORANT IN CONSTRUCTII",
            "location": "Arad",
            "description": "Loc de munca in Arad..",
            "requirements": "<ul><li>Studii tehnice, constructii, medii;</li><li>Seriozitate si consecventa in atingerea obiectivelor;</li><li>Experienta intr-un laborator de incercari in domeniul constructiilor;</li><li>Abilitati de comunicare;</li><li>Cunostinte operare PC.</li></ul>",
            "responsabilities": "<ul><li>Efectuarea activitatiilor de esantionare/prelevare probe materii prime si produs finit;</li><li>Efectuarea incercariilor conform procedurilor de lucru;</li><li>Calcularea rezultatelor finale si arhivarea inregistrarilor;</li><li>Pregatirea echipamentelor de lucru si a materialelor consumabile;</li><li>Comunicarea directa cu reprezentantul constructorului si seful laboratorului de care apartine.</li></ul>",
            "benefits": "<ul><li>Pachet salarial motivant;</li><li>Oportunitate de dezvoltare în carieră</li><li>Mediu de lucru placut.</li></ul>",
            "icon": "fas fa-hard-hat"
        },
        {
            "id": 4,
            "job": "DEBUTY PROJECT MANAGER",
            "location": "Oradea",
            "description": "Dacă ești din Oradea sau dorești relocare in zona aceasta, aplica aici!",
            "requirements": "<ul><li>Diploma de inginer al unei universitati in domeniul constructiilor de drumuri/poduri/tunele;</li><li>Experienta-minim 3 ani intro pozitie similara in cadrul proiectelor de constructii drumuri/poduri;</li><li>Limba engleza-nivel mediu</li><li>Competente: MS-office, Autocad, Primavera P6, Microsoft project;</li><li>Capacitate foarte buna de planificare, organizare, comunicare si sinteza;</li><li>Capacitatea de a urmari si de a controla eficient mai multe activitati simultan.</li></ul>",
            "responsabilities": "<ul><li>Planifică, urmărește și organizează activitatea din șantier, fiind în relație directa cu Managerul de proiect și Șeful de șantier;</li><li>Urmareste bugetele alocate si asigura incadrarea in costurile stabilite;</li><li>Monitorizeaza progresul activitatilor de constructii din santier in mod regulat, organizeaza intalniri periodice cu toate persoanele implicate si rezolva eventualele probleme aparute in executie ;</li><li>Raspunde de respectarea tehnologiilor de executie, conform reglementarilor in vigoare, cerintelelor beneficiarului si cerintelor interne impuse pentru respectiva lucrare;</li><li>Sugereaza strategii pentru optimizarea activitatii, propune noi solutii;</li><li>Pregateste rapoarte de lucru zilnice si raporteaza situatia reala si corecta din santier, conform solicitarii, oferind explicatii relevante si planuri de activitate;</li><li>Realizeaza planuri de actiune pentru imbunatatirea continua a rezultatelor reale si pentru realizarea noilor tinte;</li><li>Mentine un mediu de lucru sigur si sanatos prin stabilirea si aplicarea standardelor si procedurilor, respectand reglementarile si codurile legale.</li></ul>",
            "benefits": "<ul><li>Posibilitate de invatare si dezvoltare continua</li><li>Pachet salarial motivant</li><li>Masina de serviciu/li><li>Pachet de relocare(daca este cazul)</li><li>Abonament de servicii medicale la clinica privata</li></ul>",
            "icon": "fas fa-hard-hat"
        },
        {
            "id": 5,
            "job": "TEHNICIAN MENTENANȚĂ",
            "location": "Arad",
            "description": "Loc de munca in Arad..",
            "requirements": "<ul><li>Absolvent al unui Liceu Tehnic sau al unei școli Profesionale în domeniul electromecanic sau electric;</li><li>Minim 2 ani experiență în domeniul electromecanic sau electric;</li><li>Seriozitate, capacitate de invățare continuă;</li><li>Disponibilitate pentru eventuale intervenții,</li><li>Persoana sociabilă, comunicativa.</li></ul>",
            "responsabilities": "<ul><li>Să intrețină zilnic instalațiile de producție pentru lucrări electromecanice și electrice minore;</li><li>Să efectueze mentenanța preventivă a instalațiilor din producție, precum și a instalațiilor generale din fabrică;</li><li>Să urmarească verificarea zilnică a situației echipamentelor cu care lucrează;</li><li>Să efectueze întreținerea regulată pe mașinile de asamblare conform planului de întreținere;</li><li>Să pastreze toate mașinile de asamblare care aparțin de întreținerea generală, curate;</li><li>Să mențină locul de muncă curat.</li></ul>",
            "benefits": "<ul><li>Pachet salarial motivant;</li><li>Oportunitate de dezvoltare în carieră;</li><li>Mediu de lucru placut.</li></ul>",
            "icon": "fas fa-hard-hat"
        },
        {
            "id": 6,
            "job": "OPERATOR CALITATE FLUX",
            "location": "Sibiu",
            "description": "Loc de munca in Sibiu..",
            "requirements": "<ul><li>Absolvent de studii gimnaziale (8 clase);</li><li>Atentie la detalii;</li><li>Acuitate vizuala;</li><li>Experienta in domeniul calitatii reprezinta un avantaj;</li></ul>",
            "responsabilities": "<ul><li>Controlul reperelor din punct de vedere al calitatii</li><li>Respingerea pieselor care nu indeplinesc standardele de calitate</li><li>Intocmirea rapoartelor de lucru.</li></ul>",
            "benefits": "<ul><li>Pachet salarial motivant;</li><li>Prime de sarbatori;</li><li>Spor de noapte 25%;</li><li>Bonus lunar de performanta</li><li>Transport asigurat/decontat;</li><li>Asigurare de sanatate full</li><li>Conditii bune de munca.</li></ul>",
            "icon": "fas fa-hard-hat"
        },
        {
            "id": 7,
            "job": "LUCRATOR COMERCIAL",
            "location": "Sebes si Sibiu",
            "description": "Loc de munca in Sebes si Sibiu..",
            "requirements": "<ul><li>Excelente abilitati de comunicare si negociere;</li><li>Foarte buna cunoastere a procesului de vanzare B2B;</li><li>Studii superioare, de preferat tehnice;</li><li>Cunoasterea pietei specifice si a produselor;</li><li>Abilitate de operare in Microsoft Office;</li><li>Experienta de minim 2 ani pe o pozitie similara;</li><li>Abilitati de analiza si sinteza;</li><li>Energie, dorinta de dezvoltare, perseverenta;</li><li>Etica si responsabilitate in munca;</li><li>Capacitate de lucru in echipa.</li><li>Promovarea si vanzarea produselor din portofoliu;</li><li>Gestionarea relatiei cu clientii si partenerii existenti in zona alocata;</li><li>Identificarea de noi oportunitati;</li><li>Cresterea sustenabila a portofoliului de clienti;</li><li>Implementarea politicilor companiei referitoare la vanzari si marketing si asigurarea respectarii acestora;</li><li>Promovarea imaginii companiei in zona de responsabilitate;</li><li>Colectarea si analiza informatiilor relevante din piata.</li></ul>",
            "benefits": "<ul><li>Salariu motivant;</li><li>Bonus lunar;</li><li>Bonus anual;</li><li>Tichete de masa;</li></ul>",
            "icon": "fas fa-hard-hat"
        },
        {
            "id": 8,
            "job": "PATISER",
            "location": "Sebes si Sibiu",
            "description": "Loc de munca in Sebes si Sibiu..",
            "requirements": "<ul><li>Diploma de absolvire liceu/Scoala profesionala;</li><li>Ideal Certificat cofetar, arte culinare, patiserie, brutarie sau experienta de peste 2 ani în HORECA sau laborator cofetarie/patiserie ca si patiser, cofetar, ciocolatier sau brutar;</li><li>Cunoasterea tehnicilor de coacere si a procesului de fabricare a produselor de patiserie. </li><li>Abilitate creativa si pricepere artistica în decorarea prajiturilor si a altor deserturi. </li><li>Atentie la detalii. </li><li>Cunoasterea aprofundata a principiilor de igiena, prepararea deserturilor, a alimentelor si nutritie. </li><li>Program de lucru flexibil, inclusiv weekend-uri, când este necesar. </li><li>Capabil sa lucreze într-un mediu de productie cu ritm rapid. </li></ul>",
            "responsabilities": "<ul><li>Operarea si gestionarea laboratorului de patiserie si colaborarea cu directorul adjunct de productie pentru a asigura un mediu de lucru de succes;</li><li>Pregatirea ingredientelor si operarea echipamentelor de coacere si a altor echipamente de laborator de cofetarie.</li><li>Crearea de produse de patiserie, de brutarie si de cofetarie, urmând o retetarul.</li><li>Dezvoltarea de noi re?ete pentru portofoliul sezonier.</li><li>Decoratiuni produse de patiserie si deserturi pentru a asigura o prezentare frumoasa si cu gust.</li><li>Asigurarea ca sectiunea lor de productie respecta reglementarile de securitate si sanatate.</li><li>Supravegherea si instruirea membrilor personalului, atunci când este nevoie.</li></ul>",
            "benefits": "<ul><li>Salariu motivant;</li><li>Mediu de lucru placut.</li></ul>",
            "icon": "fas fa-hard-hat"
        },
        {
            "id": 9,
            "job": "OPERATOR CNC",
            "location": "Sebes si Sibiu",
            "description": "Loc de munca in Sebes si Sibiu..",
            "requirements": "<ul><li>Bune cunoștinte tehnice: desen tehnic, materiale, procese dе prelucrare a materialelor;</li><li>Bune cunoștinte operare/programare strung/freză 4 axe CNC;</li><li>Bune cunoștinte operare în diverse sisteme (ex: Siemens, Fanuc Heidenhain, s.a.)</li><li>Studii medii;</li><li>Experienta în proces/producție minim 1 an;</li><li>Disponibilitate pentru lucru în schimburi;</li><li>Curs CNC - constituie avantaj.</li><li>Persoana foarte motivată;</li><li>Persoana cu o atenție sporită la detalii;</li><li>Persoana interesată/pasionată de tehnologia nouă de prelucrare a metalului;</li><li>Persoana preocupată de a se dezvolta și a învăța permanent.</li></ul>",
            "responsabilities": "<ul><li>Aprovizionarea locului de muncă cu materiale și semifabricate;</li><li>Realizare setup utilaje CNC;</li><li>Asigurarea funcționării mașinilor-unelte cu comandă numerică;</li><li>Realizarea produselor conform specificațiilor: desen tehnic, procedura de fabricație, cu respectarea timpilor de lucru stabiliți;</li><li>Menținerea ordinii și curățeniei în spațiul de lucru.</li></ul>",
            "benefits": "<ul><li>Posibilități de formare și dezvoltare profesională;</li><li>Bonusuri de productivitate;</li><li>Prime de sărbători;</li><li>Tichete de masă;</li><li>Condiții bune de muncă;</li><li>Lucru cu tehnologii și utilaje de ultimă generație.</li></ul>",
            "icon": "fas fa-hard-hat"
        },
        {
            "id": 10,
            "job": "DESENATOR TEHNIC",
            "location": "Sebes",
            "description": "Loc de munca in Sebes..",
            "requirements": "<ul><li>întocmirea pieselor desenate (planșelor) cu ajutorul programului AutoCAD</li><li>cunoașterea și utilizarea la nivel avansat a programelor : AutoCAD și Microsoft Office (Word, Excel) </li><li>respectarea termenelor de predare a proiectului </li><li>abilități de completare a cunoștințelor în termen scurt </li><li>comunicativ cu conducerea și colectivul de colegi</li><li>ambițios, consecvent, ordonat </li><li>amabil, respectos și cu aptitudini de integrare rapidă în colectiv</li></ul>",
            "benefits": "<ul><li>Program de lucru pe un singur schimb;</li><li>salariul este stabilit de comun acord la angajare.</li></ul>",
            "icon": "fas fa-hard-hat"
        },
        {
            "id": 11,
            "job": "INGINER CALITATE",
            "location": "Sibiu",
            "description": "Loc de munca in Sebes..",
            "requirements": "<ul><li>absolvent de studii superioare tehnice;</li><li>experienta anterioara intr-o pozitie similara de minimum 2 ani; experienta in industria auto constituie un avantaj.</li><li>cunostinte specifice standardului ISO 9001;</li><li>excelente cunostinte de operare PC; limba engleza - nivel avansat;</li><li>persoana organizata, loiala, corecta, cu abilitati de conducere a colectivului de lucru din subordine si spirit de echipa;</li><li>permis de conducere categoria B.</li></ul>",
            "responsabilities": "<ul><li>Definirea proceselor pentru controlul si asigurarea calitatii in colaborare cu celelalte departamentele;</li><li>Urmarirea si asigurarea calitatii produselor;</li><li>Implementarea actiunilor corective si preventive;</li><li>Implementarea si dezvoltarea sistemului de calitate conform standardului ISO 9001;</li><li>Coordonarea personalului din subordinea sa in vederea atingerii obiectivelor departamentului.</li></ul>",
            "benefits": "<ul><li>Salariu motivant;</li><li>Asigurare medicala privata;</li><li>Mediu de lucru la standarde europene, traininguri de specialiatate.</li></ul>",
            "icon": "fas fa-hard-hat"
        }
    ]
}